Instruction,Category,Clock_Cycles
"CMP DI, SI",Register_Fast,2
JZ LABEL_5,Control_Flow,17
"XOR DX, 8675H",Immediate_Load,5
JE LABEL_6,Control_Flow,18
"XCHG [BX+SI], AX",Memory_Write,18
JMP LABEL_14,Control_Flow,16
PUSH SP,Stack_Operation,12
"CMP AX, 3867H",Immediate_Load,6
JNE LABEL_11,Control_Flow,17
"OR BX, [BX]",Memory_Read,19
POP DX,Stack_Operation,9
JNZ LABEL_6,Control_Flow,18
"ADD BX, [SI]",Memory_Read,13
POP DX,Stack_Operation,10
JNZ LABEL_3,Control_Flow,15
JNE LABEL_13,Control_Flow,15
"MOV DX, DI",Register_Fast,2
"XCHG CX, 7889H",Immediate_Load,5
JNZ LABEL_11,Control_Flow,18
"XCHG CX, 8570H",Immediate_Load,4
JNZ LABEL_10,Control_Flow,18
"CMP [DI], CX",Memory_Write,21
PUSH DI,Stack_Operation,9
"XOR [SI], SP",Memory_Write,20
"MOV DI, 5654H",Immediate_Load,5
JMP LABEL_9,Control_Flow,20
"AND DI, 250H",Immediate_Load,4
JNE LABEL_11,Control_Flow,19
"MOV DI, [SI]",Memory_Read,17
"ROR SP, 1",Bitwise_Shift,2
POP SI,Stack_Operation,11
"OR BX, DI",Register_Fast,3
"MOV BX, 946H",Immediate_Load,4
POP BX,Stack_Operation,12
JE LABEL_5,Control_Flow,18
JNZ LABEL_1,Control_Flow,17
"ADD [BP+DI], BP",Memory_Write,14
"AND [BX], CX",Memory_Write,18
"XOR BP, [BP+DI]",Memory_Read,17
"CMP AX, DX",Register_Fast,3
PUSH DI,Stack_Operation,11
"ADD [SI], SP",Memory_Write,14
"AND [SI], BP",Memory_Write,14
"AND DI, 2506H",Immediate_Load,4
POP CX,Stack_Operation,9
"SHR DI, 1",Bitwise_Shift,2
"AND BP, 6954H",Immediate_Load,6
"ADD [BX+SI], SI",Memory_Write,19
JMP LABEL_8,Control_Flow,15
"XOR DX, 3577H",Immediate_Load,6
"XCHG BX, 2253H",Immediate_Load,5
"XOR BP, DX",Register_Fast,3
"XOR [BX+SI], CX",Memory_Write,18
POP CX,Stack_Operation,10
"MOV SI, 7847H",Immediate_Load,6
POP DX,Stack_Operation,11
"XCHG [DI], BP",Memory_Write,16
PUSH CX,Stack_Operation,12
"XCHG [DI], BP",Memory_Write,20
"SHR AX, 1",Bitwise_Shift,2
"XCHG AX, DI",Register_Fast,3
"AND [BP+DI], AX",Memory_Write,15
PUSH BP,Stack_Operation,11
"SUB BP, [SI]",Memory_Read,13
"XOR CX, 299H",Immediate_Load,4
"ROR BX, 1",Bitwise_Shift,2
"MOV SP, 6332H",Immediate_Load,4
PUSH SP,Stack_Operation,10
"OR CX, 9223H",Immediate_Load,5
"ROR SI, 1",Bitwise_Shift,2
"AND CX, SI",Register_Fast,4
"CMP [SI], CX",Memory_Write,18
"XCHG CX, DI",Register_Fast,3
"MOV [DI], DX",Memory_Write,19
"MOV [BX+SI], SP",Memory_Write,18
"SUB SP, 5249H",Immediate_Load,5
"SUB SP, 4698H",Immediate_Load,6
"SUB DX, BX",Register_Fast,3
"SHL CX, 1",Bitwise_Shift,2
JNE LABEL_6,Control_Flow,15
POP CX,Stack_Operation,9
"SHL DX, 1",Bitwise_Shift,2
POP BP,Stack_Operation,10
"XCHG CX, DI",Register_Fast,2
JZ LABEL_14,Control_Flow,18
"SHR BX, 1",Bitwise_Shift,2
"MOV DX, 5147H",Immediate_Load,4
"AND CX, 1699H",Immediate_Load,4
"OR SI, BP",Register_Fast,2
JE LABEL_4,Control_Flow,20
JNZ LABEL_12,Control_Flow,15
PUSH BX,Stack_Operation,12
"AND CX, [DI]",Memory_Read,18
"CMP SP, 5091H",Immediate_Load,6
"XCHG AX, BP",Register_Fast,2
"XOR DX, [BX]",Memory_Read,19
"XOR DX, [BX+SI]",Memory_Read,13
"AND SP, 7781H",Immediate_Load,5
"ADD [BX+SI], SI",Memory_Write,14
"XOR BX, [BX+SI]",Memory_Read,18
"ADD DX, 2225H",Immediate_Load,4
"XOR DI, 4169H",Immediate_Load,4
JMP LABEL_13,Control_Flow,15
"AND SP, [BX]",Memory_Read,18
JMP LABEL_3,Control_Flow,18
"MOV BP, 3370H",Immediate_Load,6
JE LABEL_11,Control_Flow,18
"SUB [BP+DI], SP",Memory_Write,21
"SHR BX, 1",Bitwise_Shift,2
PUSH AX,Stack_Operation,12
"SHL DI, 1",Bitwise_Shift,2
"SHR BP, 1",Bitwise_Shift,2
POP DX,Stack_Operation,10
"XOR BX, [SI]",Memory_Read,16
"ADD CX, 6910H",Immediate_Load,4
"XCHG [DI], DX",Memory_Write,16
PUSH DX,Stack_Operation,10
"XOR AX, 5394H",Immediate_Load,4
POP DI,Stack_Operation,12
"SUB SI, DI",Register_Fast,2
"AND DI, [BX+SI]",Memory_Read,19
PUSH BP,Stack_Operation,10
"OR DI, [DI]",Memory_Read,17
"XOR AX, 5199H",Immediate_Load,5
"MOV BP, [DI]",Memory_Read,17
PUSH DI,Stack_Operation,8
"ROL DI, 1",Bitwise_Shift,2
"ADD AX, [BX]",Memory_Read,17
"SUB DX, 6566H",Immediate_Load,5
"OR [SI], DI",Memory_Write,21
PUSH BX,Stack_Operation,12
JNE LABEL_4,Control_Flow,17
JZ LABEL_1,Control_Flow,17
POP SP,Stack_Operation,10
"XOR DI, [BP+DI]",Memory_Read,14
"ADD AX, AX",Register_Fast,3
"OR [DI], BP",Memory_Write,21
POP BX,Stack_Operation,10
"ADD BP, AX",Register_Fast,4
"ROR BX, 1",Bitwise_Shift,2
"XOR DI, [SI]",Memory_Read,16
"OR [BX+SI], BP",Memory_Write,16
"XCHG AX, [SI]",Memory_Read,16
JNE LABEL_8,Control_Flow,20
"ADD [SI], BX",Memory_Write,15
"OR DX, [BX]",Memory_Read,19
JMP LABEL_3,Control_Flow,17
"XCHG AX, DI",Register_Fast,4
"CMP AX, 1695H",Immediate_Load,6
"SHL DX, 1",Bitwise_Shift,2
"AND [BX+SI], DX",Memory_Write,19
PUSH CX,Stack_Operation,10
"SUB BP, [SI]",Memory_Read,16
"XCHG BX, [BX+SI]",Memory_Read,17
"ADD [SI], SI",Memory_Write,19
POP SP,Stack_Operation,9
"SHL BX, 1",Bitwise_Shift,2
POP DI,Stack_Operation,12
"SUB [BP+DI], SP",Memory_Write,17
"SUB DX, BX",Register_Fast,4
PUSH BX,Stack_Operation,12
"SUB [DI], SI",Memory_Write,15
"OR BX, BP",Register_Fast,3
"CMP [BX+SI], CX",Memory_Write,18
PUSH SI,Stack_Operation,10
JNE LABEL_6,Control_Flow,20
"XCHG [BX+SI], AX",Memory_Write,16
"ADD BP, BX",Register_Fast,3
"ROL SI, 1",Bitwise_Shift,2
"AND SP, [BX]",Memory_Read,17
"CMP DI, [BX+SI]",Memory_Read,16
"SUB SP, 829H",Immediate_Load,4
"OR DI, CX",Register_Fast,3
JNZ LABEL_6,Control_Flow,18
"AND SP, [BX]",Memory_Read,18
"SHR CX, 1",Bitwise_Shift,2
"ADD [SI], AX",Memory_Write,14
"ADD SP, 2981H",Immediate_Load,6
"ROL SP, 1",Bitwise_Shift,2
"MOV DX, DI",Register_Fast,3
"ADD AX, BX",Register_Fast,4
"XCHG SP, AX",Register_Fast,3
"MOV [DI], SP",Memory_Write,14
JZ LABEL_1,Control_Flow,20
"AND SP, CX",Register_Fast,3
"CMP [BX], BX",Memory_Write,16
"XOR DI, CX",Register_Fast,4
"ROR SP, 1",Bitwise_Shift,2
PUSH DX,Stack_Operation,10
"OR DX, 7235H",Immediate_Load,5
"AND DX, [BP+DI]",Memory_Read,16
"SHL DI, 1",Bitwise_Shift,2
JMP LABEL_15,Control_Flow,15
"XCHG SP, [SI]",Memory_Read,16
"XCHG [BX+SI], SP",Memory_Write,18
"MOV AX, 219H",Immediate_Load,4
"AND SI, SP",Register_Fast,2
"SUB BX, 9883H",Immediate_Load,6
PUSH DI,Stack_Operation,12
"OR DI, DX",Register_Fast,3
PUSH DI,Stack_Operation,11
"OR CX, [SI]",Memory_Read,14
PUSH SI,Stack_Operation,10
"CMP SI, 1997H",Immediate_Load,6
"OR SI, AX",Register_Fast,3
"SUB SP, [SI]",Memory_Read,17
JNE LABEL_3,Control_Flow,20
"MOV BX, [BX]",Memory_Read,18
"AND SP, [BP+DI]",Memory_Read,19
"ADD DI, [BX+SI]",Memory_Read,13
POP DX,Stack_Operation,9
POP CX,Stack_Operation,11
"AND CX, DX",Register_Fast,3
"AND [BX], BX",Memory_Write,18
"MOV [BX], BP",Memory_Write,15
POP CX,Stack_Operation,11
"CMP DX, [BX]",Memory_Read,15
"XCHG [BX], BP",Memory_Write,21
PUSH DI,Stack_Operation,12
"ROR CX, 1",Bitwise_Shift,2
JMP LABEL_12,Control_Flow,20
"AND SP, 3583H",Immediate_Load,4
"SUB AX, [BP+DI]",Memory_Read,14
"AND BX, [BX+SI]",Memory_Read,15
"SHR CX, 1",Bitwise_Shift,2
JNZ LABEL_6,Control_Flow,15
"XOR AX, 3361H",Immediate_Load,5
"XOR CX, 6412H",Immediate_Load,5
PUSH BP,Stack_Operation,11
"AND DI, SI",Register_Fast,4
"OR CX, CX",Register_Fast,4
"SUB BP, SP",Register_Fast,2
"XOR BX, SI",Register_Fast,3
"ROR CX, 1",Bitwise_Shift,2
"OR CX, [BX]",Memory_Read,19
"CMP CX, [BP+DI]",Memory_Read,13
POP DX,Stack_Operation,11
"MOV AX, 6421H",Immediate_Load,5
"ADD [BP+DI], SI",Memory_Write,21
"XOR BX, SP",Register_Fast,2
"CMP DI, DX",Register_Fast,3
"OR DI, [DI]",Memory_Read,14
"CMP [BX], CX",Memory_Write,14
"CMP BP, [BX+SI]",Memory_Read,13
"SUB CX, AX",Register_Fast,2
"ROL AX, 1",Bitwise_Shift,2
PUSH SI,Stack_Operation,10
"XOR AX, [BX]",Memory_Read,16
"MOV CX, [BX]",Memory_Read,14
"OR DX, SI",Register_Fast,2
"XCHG CX, [DI]",Memory_Read,15
"XOR BX, DX",Register_Fast,4
"OR AX, 9309H",Immediate_Load,5
"MOV AX, DX",Register_Fast,2
JNZ LABEL_1,Control_Flow,20
"OR DX, 9349H",Immediate_Load,4
"ROR CX, 1",Bitwise_Shift,2
"OR [BX], BP",Memory_Write,17
"XCHG DI, BP",Register_Fast,3
"XOR CX, 7390H",Immediate_Load,6
"SUB DI, AX",Register_Fast,2
"XCHG BX, 9850H",Immediate_Load,6
"MOV [SI], BX",Memory_Write,19
"OR CX, 3080H",Immediate_Load,5
PUSH BX,Stack_Operation,12
POP SI,Stack_Operation,12
"XOR [BX+SI], CX",Memory_Write,18
"ADD [DI], AX",Memory_Write,19
"AND [BX+SI], SI",Memory_Write,14
"SUB [SI], BP",Memory_Write,15
"MOV SI, 2870H",Immediate_Load,4
"CMP SI, [BX]",Memory_Read,16
"SUB [SI], AX",Memory_Write,20
"XOR CX, SP",Register_Fast,3
"ROL SI, 1",Bitwise_Shift,2
"XOR [BX+SI], SI",Memory_Write,15
"SHL DX, 1",Bitwise_Shift,2
"MOV [BX], DI",Memory_Write,16
JZ LABEL_1,Control_Flow,16
"OR BP, 4502H",Immediate_Load,4
POP CX,Stack_Operation,12
POP SP,Stack_Operation,11
"CMP [DI], DX",Memory_Write,18
"AND [BP+DI], DX",Memory_Write,17
JNE LABEL_8,Control_Flow,19
"ADD [BP+DI], DX",Memory_Write,17
"SUB SI, [DI]",Memory_Read,19
"MOV SP, 8331H",Immediate_Load,6
"OR DI, BP",Register_Fast,2
"SHR SP, 1",Bitwise_Shift,2
"AND DI, 7184H",Immediate_Load,4
PUSH AX,Stack_Operation,9
"MOV DI, 5786H",Immediate_Load,6
"CMP BP, [BX+SI]",Memory_Read,18
POP SP,Stack_Operation,8
"XCHG CX, BP",Register_Fast,2
POP SI,Stack_Operation,10
"AND BP, AX",Register_Fast,3
"CMP [BX+SI], AX",Memory_Write,14
"CMP SP, CX",Register_Fast,4
JNZ LABEL_15,Control_Flow,17
"AND [DI], BP",Memory_Write,18
"AND [BX+SI], SP",Memory_Write,16
"ADD DI, [DI]",Memory_Read,17
"AND BX, [SI]",Memory_Read,15
"SHR DI, 1",Bitwise_Shift,2
POP AX,Stack_Operation,11
"ROL DX, 1",Bitwise_Shift,2
"XOR SP, SP",Register_Fast,3
"OR BX, SP",Register_Fast,2
"ROR DX, 1",Bitwise_Shift,2
"XCHG DX, [BX+SI]",Memory_Read,17
"AND SI, 5305H",Immediate_Load,5
"ROL BP, 1",Bitwise_Shift,2
"ROL SP, 1",Bitwise_Shift,2
"OR DX, [BX+SI]",Memory_Read,17
"OR AX, [DI]",Memory_Read,18
"ROL SI, 1",Bitwise_Shift,2
JZ LABEL_3,Control_Flow,16
PUSH DX,Stack_Operation,9
"CMP DX, SI",Register_Fast,2
"AND DI, 8020H",Immediate_Load,4
"SHL SP, 1",Bitwise_Shift,2
"XOR BP, 3579H",Immediate_Load,6
POP DI,Stack_Operation,12
"AND SP, [BP+DI]",Memory_Read,19
"AND AX, BX",Register_Fast,4
"SHR DX, 1",Bitwise_Shift,2
"XCHG BP, [BX]",Memory_Read,13
POP DX,Stack_Operation,8
"MOV DI, SI",Register_Fast,4
"SUB SP, [BX]",Memory_Read,15
POP DI,Stack_Operation,10
POP DI,Stack_Operation,8
"AND [BX], DI",Memory_Write,18
"ROR BP, 1",Bitwise_Shift,2
"XCHG SI, [BX+SI]",Memory_Read,16
JZ LABEL_3,Control_Flow,19
JNE LABEL_3,Control_Flow,18
"SUB BX, 3944H",Immediate_Load,6
"OR BX, SI",Register_Fast,3
"AND AX, CX",Register_Fast,4
"SUB [SI], SP",Memory_Write,17
"OR BX, 9281H",Immediate_Load,4
"SUB [BX], CX",Memory_Write,14
"ROR DX, 1",Bitwise_Shift,2
PUSH DI,Stack_Operation,10
"CMP AX, SI",Register_Fast,4
"ROR DI, 1",Bitwise_Shift,2
"AND AX, 1587H",Immediate_Load,4
"CMP SP, SP",Register_Fast,4
"MOV [SI], DX",Memory_Write,20
JNZ LABEL_7,Control_Flow,20
"MOV DI, SI",Register_Fast,4
JNE LABEL_5,Control_Flow,17
POP AX,Stack_Operation,11
"ROL CX, 1",Bitwise_Shift,2
POP SP,Stack_Operation,10
"OR [BX], AX",Memory_Write,20
"SUB BX, [BX+SI]",Memory_Read,14
"AND AX, [SI]",Memory_Read,15
"SHR SP, 1",Bitwise_Shift,2
"AND BP, [DI]",Memory_Read,17
POP DI,Stack_Operation,8
"ADD SP, 7294H",Immediate_Load,6
PUSH BX,Stack_Operation,9
"ROR BX, 1",Bitwise_Shift,2
"XCHG DI, [BX]",Memory_Read,17
"OR BX, [BX+SI]",Memory_Read,15
"SHR AX, 1",Bitwise_Shift,2
JNZ LABEL_11,Control_Flow,18
PUSH SP,Stack_Operation,12
"ADD SI, [BP+DI]",Memory_Read,15
"XCHG [DI], CX",Memory_Write,16
"SUB SP, BP",Register_Fast,3
"OR [SI], SP",Memory_Write,19
"ADD BX, 7392H",Immediate_Load,4
"ADD DX, 6287H",Immediate_Load,6
JE LABEL_14,Control_Flow,19
POP DX,Stack_Operation,9
"OR DI, [DI]",Memory_Read,18
PUSH AX,Stack_Operation,12
PUSH DX,Stack_Operation,11
POP BP,Stack_Operation,10
"ROR DI, 1",Bitwise_Shift,2
"ADD [BP+DI], DI",Memory_Write,18
JMP LABEL_15,Control_Flow,19
JZ LABEL_7,Control_Flow,16
"ADD [BX+SI], DX",Memory_Write,20
JE LABEL_8,Control_Flow,19
"SHR BP, 1",Bitwise_Shift,2
"ADD [DI], BP",Memory_Write,14
"AND BP, 3395H",Immediate_Load,4
"ADD DX, SI",Register_Fast,2
JE LABEL_12,Control_Flow,20
"SUB BP, 5343H",Immediate_Load,5
"AND [SI], AX",Memory_Write,15
"SHR BX, 1",Bitwise_Shift,2
PUSH BP,Stack_Operation,8
"SHR AX, 1",Bitwise_Shift,2
"ADD [DI], SP",Memory_Write,20
PUSH SP,Stack_Operation,9
JZ LABEL_10,Control_Flow,18
"XCHG [BX], AX",Memory_Write,20
"SUB SI, 1627H",Immediate_Load,5
"MOV BX, [SI]",Memory_Read,18
"MOV BX, [BX]",Memory_Read,16
"ROL AX, 1",Bitwise_Shift,2
"XOR [DI], SI",Memory_Write,17
"XCHG CX, [BP+DI]",Memory_Read,13
"OR SP, BX",Register_Fast,2
"OR BP, [BX]",Memory_Read,13
"ADD CX, CX",Register_Fast,4
"ADD [BP+DI], BP",Memory_Write,17
"SHL BP, 1",Bitwise_Shift,2
"XCHG BP, [DI]",Memory_Read,16
"SUB DI, 7930H",Immediate_Load,5
"XOR DI, [BP+DI]",Memory_Read,15
JZ LABEL_3,Control_Flow,16
JZ LABEL_2,Control_Flow,20
"XOR BX, DX",Register_Fast,3
POP BX,Stack_Operation,8
"XCHG [BX], BP",Memory_Write,16
"XOR SP, BP",Register_Fast,2
"ADD BX, [DI]",Memory_Read,13
"MOV DI, SP",Register_Fast,3
POP BX,Stack_Operation,9
"MOV DX, [BX+SI]",Memory_Read,16
JZ LABEL_11,Control_Flow,18
"ADD AX, 758H",Immediate_Load,5
POP BX,Stack_Operation,12
"SUB BP, BX",Register_Fast,3
"SHR DX, 1",Bitwise_Shift,2
PUSH CX,Stack_Operation,10
"CMP AX, 7349H",Immediate_Load,5
"CMP [BX], CX",Memory_Write,15
"ADD CX, [BX+SI]",Memory_Read,13
JNZ LABEL_2,Control_Flow,15
"OR BP, AX",Register_Fast,4
"ADD BP, DX",Register_Fast,3
"XOR BP, [BX]",Memory_Read,17
"AND AX, 3068H",Immediate_Load,4
POP CX,Stack_Operation,12
"MOV BX, [DI]",Memory_Read,19
"SUB SP, 5996H",Immediate_Load,4
"SUB BP, 7424H",Immediate_Load,6
"ROR DX, 1",Bitwise_Shift,2
"XCHG SP, 7263H",Immediate_Load,5
JE LABEL_14,Control_Flow,15
"MOV [BX+SI], BP",Memory_Write,15
JE LABEL_5,Control_Flow,18
PUSH CX,Stack_Operation,8
"SHR BP, 1",Bitwise_Shift,2
"SHL AX, 1",Bitwise_Shift,2
JMP LABEL_14,Control_Flow,17
PUSH BP,Stack_Operation,8
JNE LABEL_13,Control_Flow,20
"SHR SP, 1",Bitwise_Shift,2
"XCHG DX, [SI]",Memory_Read,19
"ADD SP, [BX]",Memory_Read,18
JMP LABEL_5,Control_Flow,15
"XOR [BX+SI], BP",Memory_Write,16
JMP LABEL_8,Control_Flow,15
"MOV [SI], SP",Memory_Write,14
JMP LABEL_14,Control_Flow,20
"AND [SI], SP",Memory_Write,14
"OR SI, 9990H",Immediate_Load,5
"SUB [BP+DI], DI",Memory_Write,20
"SHR CX, 1",Bitwise_Shift,2
JNE LABEL_11,Control_Flow,18
"OR BP, [BX+SI]",Memory_Read,17
POP AX,Stack_Operation,11
"MOV [SI], AX",Memory_Write,17
"SUB [DI], DI",Memory_Write,15
JMP LABEL_1,Control_Flow,19
PUSH BX,Stack_Operation,9
PUSH SI,Stack_Operation,12
"MOV [BX], SP",Memory_Write,19
PUSH BP,Stack_Operation,9
JZ LABEL_13,Control_Flow,17
"XOR AX, [BX]",Memory_Read,18
JZ LABEL_7,Control_Flow,19
"CMP [BP+DI], SI",Memory_Write,18
JE LABEL_2,Control_Flow,18
"OR AX, BX",Register_Fast,4
"AND CX, [BX]",Memory_Read,17
"ROR SI, 1",Bitwise_Shift,2
"ROL AX, 1",Bitwise_Shift,2
"CMP DI, 7518H",Immediate_Load,6
JNE LABEL_11,Control_Flow,15
"SHR BX, 1",Bitwise_Shift,2
"OR DI, 8591H",Immediate_Load,4
PUSH SP,Stack_Operation,11
"SUB DX, 3539H",Immediate_Load,6
"ADD SI, [SI]",Memory_Read,13
"XCHG AX, [SI]",Memory_Read,19
"SUB SP, SI",Register_Fast,4
"SUB [SI], CX",Memory_Write,15
"ADD BX, 4116H",Immediate_Load,5
"SUB [BX], SI",Memory_Write,17
"AND BX, 9371H",Immediate_Load,4
"XCHG BP, [BX]",Memory_Read,13
POP SI,Stack_Operation,10
"AND [BX+SI], SP",Memory_Write,21
PUSH CX,Stack_Operation,12
"MOV SP, 9107H",Immediate_Load,4
"AND [BX], AX",Memory_Write,15
JE LABEL_13,Control_Flow,15
PUSH BP,Stack_Operation,8
PUSH DI,Stack_Operation,11
"XOR SI, [SI]",Memory_Read,13
PUSH CX,Stack_Operation,10
"XOR CX, 8769H",Immediate_Load,4
"SHR AX, 1",Bitwise_Shift,2
"SHR AX, 1",Bitwise_Shift,2
"ADD SI, [SI]",Memory_Read,17
"SUB BX, [SI]",Memory_Read,18
"SHL SI, 1",Bitwise_Shift,2
"ROR DX, 1",Bitwise_Shift,2
"XOR [DI], DI",Memory_Write,18
"SUB DI, 6256H",Immediate_Load,5
POP AX,Stack_Operation,11
"XOR [SI], DX",Memory_Write,15
JNZ LABEL_14,Control_Flow,17
"SUB BP, 6704H",Immediate_Load,5
POP DI,Stack_Operation,12
PUSH CX,Stack_Operation,9
"ROL SP, 1",Bitwise_Shift,2
JNZ LABEL_8,Control_Flow,18
"XCHG DI, 1993H",Immediate_Load,5
"MOV DI, [BX]",Memory_Read,14
"ADD CX, 4140H",Immediate_Load,6
"XCHG BP, [BX]",Memory_Read,13
"SHR DI, 1",Bitwise_Shift,2
JMP LABEL_8,Control_Flow,19
"XOR SP, BP",Register_Fast,3
"MOV CX, BX",Register_Fast,3
JZ LABEL_1,Control_Flow,18
"MOV BX, DI",Register_Fast,3
JNE LABEL_1,Control_Flow,16
"SUB [SI], SI",Memory_Write,19
"XOR AX, 6500H",Immediate_Load,6
"MOV SP, DX",Register_Fast,4
"AND SI, SP",Register_Fast,3
"MOV DI, DI",Register_Fast,3
"OR SP, [BP+DI]",Memory_Read,13
POP CX,Stack_Operation,10
"SHR CX, 1",Bitwise_Shift,2
PUSH SP,Stack_Operation,9
POP BX,Stack_Operation,12
"AND DX, 7710H",Immediate_Load,4
PUSH BX,Stack_Operation,10
JMP LABEL_5,Control_Flow,15
"MOV BP, BP",Register_Fast,2
POP BP,Stack_Operation,11
JNZ LABEL_2,Control_Flow,17
"MOV DI, [BP+DI]",Memory_Read,14
"XCHG SI, 3512H",Immediate_Load,5
"AND SP, [BX]",Memory_Read,17
"ROR SP, 1",Bitwise_Shift,2
JZ LABEL_10,Control_Flow,15
"XOR [BX+SI], CX",Memory_Write,15
"CMP [DI], AX",Memory_Write,17
PUSH BP,Stack_Operation,9
"SUB SI, [DI]",Memory_Read,15
"MOV SP, [BP+DI]",Memory_Read,16
"XCHG BP, [DI]",Memory_Read,14
"AND BP, [DI]",Memory_Read,13
"SHR SP, 1",Bitwise_Shift,2
JNZ LABEL_6,Control_Flow,19
"XCHG [DI], DX",Memory_Write,16
"SHR DI, 1",Bitwise_Shift,2
"ADD DX, SI",Register_Fast,2
JNZ LABEL_1,Control_Flow,16
"SUB AX, 2924H",Immediate_Load,4
"ADD BX, [BP+DI]",Memory_Read,15
"XCHG BP, 2449H",Immediate_Load,6
"ADD DX, 8527H",Immediate_Load,5
"OR AX, [BX]",Memory_Read,14
"AND CX, [BP+DI]",Memory_Read,19
"MOV AX, 9519H",Immediate_Load,4
"ROR DI, 1",Bitwise_Shift,2
JMP LABEL_15,Control_Flow,18
"OR BP, SI",Register_Fast,3
"ROL BX, 1",Bitwise_Shift,2
"OR DX, CX",Register_Fast,3
POP SP,Stack_Operation,9
"SHR AX, 1",Bitwise_Shift,2
PUSH SP,Stack_Operation,9
"MOV CX, DX",Register_Fast,3
POP SI,Stack_Operation,8
PUSH AX,Stack_Operation,8
"SUB SP, [DI]",Memory_Read,14
"AND SP, CX",Register_Fast,2
POP DX,Stack_Operation,8
PUSH BP,Stack_Operation,11
"XCHG [BP+DI], BX",Memory_Write,15
"SUB SP, 4908H",Immediate_Load,4
"ADD SP, [BX+SI]",Memory_Read,16
JNE LABEL_6,Control_Flow,18
"SUB BX, [BP+DI]",Memory_Read,13
"XOR BP, [DI]",Memory_Read,13
"XCHG DI, AX",Register_Fast,3
"CMP SI, CX",Register_Fast,3
"ADD AX, AX",Register_Fast,4
"MOV [BP+DI], SI",Memory_Write,17
"OR CX, 6236H",Immediate_Load,5
"OR BX, DX",Register_Fast,3
"CMP SI, [DI]",Memory_Read,15
"ROR SI, 1",Bitwise_Shift,2
"MOV BP, [BP+DI]",Memory_Read,15
"OR DI, BX",Register_Fast,2
POP BX,Stack_Operation,10
"OR [DI], SP",Memory_Write,17
"SUB DX, 2647H",Immediate_Load,4
JMP LABEL_7,Control_Flow,18
"CMP [SI], SI",Memory_Write,15
"CMP DI, AX",Register_Fast,3
POP SI,Stack_Operation,10
"CMP SP, [BX]",Memory_Read,14
POP DI,Stack_Operation,8
PUSH SI,Stack_Operation,9
"MOV [DI], BP",Memory_Write,14
PUSH BP,Stack_Operation,10
PUSH BX,Stack_Operation,12
"CMP AX, CX",Register_Fast,3
"SUB SI, [BP+DI]",Memory_Read,15
"SUB DI, [BX]",Memory_Read,18
JE LABEL_11,Control_Flow,20
"XOR DX, 1654H",Immediate_Load,5
"XCHG SI, BP",Register_Fast,4
JZ LABEL_11,Control_Flow,18
"MOV BP, CX",Register_Fast,3
"CMP DI, [SI]",Memory_Read,17
"AND [BX], DX",Memory_Write,17
POP DX,Stack_Operation,10
"SUB AX, SP",Register_Fast,4
"MOV BX, 2088H",Immediate_Load,6
"XCHG DX, BP",Register_Fast,4
"MOV DX, AX",Register_Fast,4
"MOV SI, CX",Register_Fast,3
JNZ LABEL_15,Control_Flow,16
"SHL AX, 1",Bitwise_Shift,2
"SHL SI, 1",Bitwise_Shift,2
"CMP BX, DI",Register_Fast,4
"XOR SI, BX",Register_Fast,2
JMP LABEL_10,Control_Flow,19
"AND BX, CX",Register_Fast,2
"AND BP, DI",Register_Fast,2
"ADD [BX+SI], DI",Memory_Write,18
"AND [BX+SI], AX",Memory_Write,19
"ADD DI, BP",Register_Fast,2
"SUB DX, 9336H",Immediate_Load,5
"CMP SP, [SI]",Memory_Read,15
JMP LABEL_3,Control_Flow,15
POP SI,Stack_Operation,12
"SUB BP, 2610H",Immediate_Load,6
"XCHG SP, 808H",Immediate_Load,6
"XOR [BP+DI], BX",Memory_Write,18
"OR [BP+DI], DI",Memory_Write,20
"AND BP, BX",Register_Fast,4
"XCHG BX, 9717H",Immediate_Load,4
"ROR CX, 1",Bitwise_Shift,2
"ROL SI, 1",Bitwise_Shift,2
PUSH CX,Stack_Operation,10
"SUB AX, 1963H",Immediate_Load,5
"ROL BX, 1",Bitwise_Shift,2
"CMP [BP+DI], DX",Memory_Write,20
"CMP [SI], DX",Memory_Write,19
"AND SI, 5477H",Immediate_Load,4
"OR SI, 3164H",Immediate_Load,4
PUSH BX,Stack_Operation,9
"ROL DI, 1",Bitwise_Shift,2
JNE LABEL_8,Control_Flow,20
"AND SP, [BX]",Memory_Read,19
PUSH DX,Stack_Operation,11
"AND SP, DX",Register_Fast,2
"ADD [DI], AX",Memory_Write,21
"XOR [BP+DI], CX",Memory_Write,17
"SUB [SI], BP",Memory_Write,19
"MOV AX, [BP+DI]",Memory_Read,14
"ROL BX, 1",Bitwise_Shift,2
"AND BX, 920H",Immediate_Load,6
"MOV CX, 6241H",Immediate_Load,6
PUSH SP,Stack_Operation,11
"XCHG BP, [SI]",Memory_Read,18
"OR AX, [BP+DI]",Memory_Read,18
"XOR [BX], SI",Memory_Write,19
JZ LABEL_10,Control_Flow,17
JMP LABEL_15,Control_Flow,15
"ROL CX, 1",Bitwise_Shift,2
POP DI,Stack_Operation,9
PUSH DI,Stack_Operation,9
JMP LABEL_1,Control_Flow,17
"CMP SI, 5329H",Immediate_Load,4
"AND BX, 5725H",Immediate_Load,6
"SHL SP, 1",Bitwise_Shift,2
JZ LABEL_9,Control_Flow,20
"XOR DX, CX",Register_Fast,2
PUSH BX,Stack_Operation,8
"AND [BX], CX",Memory_Write,20
"XOR BX, 4347H",Immediate_Load,4
POP SP,Stack_Operation,10
"SHR BP, 1",Bitwise_Shift,2
"SUB AX, [BX+SI]",Memory_Read,19
"OR SI, 4085H",Immediate_Load,5
"SHL AX, 1",Bitwise_Shift,2
"XCHG BX, [BP+DI]",Memory_Read,13
PUSH SI,Stack_Operation,11
POP AX,Stack_Operation,11
"MOV SP, 6123H",Immediate_Load,4
PUSH SI,Stack_Operation,8
JNE LABEL_14,Control_Flow,20
JZ LABEL_7,Control_Flow,17
JNZ LABEL_1,Control_Flow,19
JE LABEL_9,Control_Flow,16
POP AX,Stack_Operation,8
JNZ LABEL_10,Control_Flow,15
"ADD [BX+SI], DI",Memory_Write,17
"ROL SP, 1",Bitwise_Shift,2
"OR BX, [BX+SI]",Memory_Read,18
"ADD BX, [BX+SI]",Memory_Read,16
"CMP [DI], SP",Memory_Write,18
"OR SP, [BP+DI]",Memory_Read,17
"ADD CX, [BP+DI]",Memory_Read,18
"SHR BX, 1",Bitwise_Shift,2
"ROR SI, 1",Bitwise_Shift,2
"ADD [DI], AX",Memory_Write,18
"SHR SP, 1",Bitwise_Shift,2
"ROR DX, 1",Bitwise_Shift,2
JE LABEL_5,Control_Flow,18
"SUB [BP+DI], BP",Memory_Write,21
"OR BX, AX",Register_Fast,3
JZ LABEL_4,Control_Flow,19
"ADD AX, [SI]",Memory_Read,13
"MOV [SI], BX",Memory_Write,14
"CMP CX, DI",Register_Fast,4
"SHL CX, 1",Bitwise_Shift,2
"ADD BX, 7930H",Immediate_Load,5
"XOR [BX], SP",Memory_Write,19
"AND BP, DX",Register_Fast,2
"XCHG [DI], DI",Memory_Write,19
JMP LABEL_5,Control_Flow,15
"SUB [SI], CX",Memory_Write,17
"MOV SP, [DI]",Memory_Read,18
POP DX,Stack_Operation,12
"SUB [DI], SI",Memory_Write,18
POP BX,Stack_Operation,9
"AND DX, [BP+DI]",Memory_Read,13
POP DX,Stack_Operation,11
"XOR SI, DI",Register_Fast,3
PUSH CX,Stack_Operation,10
"ADD BP, 7979H",Immediate_Load,4
"OR [BX+SI], BP",Memory_Write,20
"MOV BP, [DI]",Memory_Read,16
"AND SI, BX",Register_Fast,3
"CMP AX, DI",Register_Fast,4
JZ LABEL_2,Control_Flow,17
"SHR SI, 1",Bitwise_Shift,2
"OR DX, SP",Register_Fast,3
"MOV SP, [BP+DI]",Memory_Read,17
"ROR DX, 1",Bitwise_Shift,2
"AND CX, BP",Register_Fast,2
"SHL CX, 1",Bitwise_Shift,2
"SHL CX, 1",Bitwise_Shift,2
"SHR SP, 1",Bitwise_Shift,2
"MOV SI, 5519H",Immediate_Load,5
PUSH AX,Stack_Operation,8
"SHL BP, 1",Bitwise_Shift,2
"AND SP, DI",Register_Fast,3
"ADD [BP+DI], DX",Memory_Write,18
"ADD BX, AX",Register_Fast,3
"AND DI, [SI]",Memory_Read,17
"SHL AX, 1",Bitwise_Shift,2
JE LABEL_1,Control_Flow,19
POP BX,Stack_Operation,8
"ADD SI, AX",Register_Fast,2
"ADD SP, DX",Register_Fast,2
JMP LABEL_6,Control_Flow,16
"XCHG SP, 6935H",Immediate_Load,6
"SHR DX, 1",Bitwise_Shift,2
"MOV [BX], AX",Memory_Write,15
"XOR DI, 427H",Immediate_Load,5
"ROL DI, 1",Bitwise_Shift,2
"SHL AX, 1",Bitwise_Shift,2
PUSH DI,Stack_Operation,12
PUSH BX,Stack_Operation,9
"CMP SP, 6592H",Immediate_Load,6
"SHL SI, 1",Bitwise_Shift,2
POP SI,Stack_Operation,11
"MOV CX, 4948H",Immediate_Load,5
"SUB BX, CX",Register_Fast,3
JZ LABEL_7,Control_Flow,18
"XOR BP, AX",Register_Fast,3
JMP LABEL_6,Control_Flow,20
JNE LABEL_15,Control_Flow,17
"AND BX, CX",Register_Fast,3
JZ LABEL_12,Control_Flow,20
"SHL DX, 1",Bitwise_Shift,2
"ROL BX, 1",Bitwise_Shift,2
PUSH SP,Stack_Operation,12
"AND [BX+SI], CX",Memory_Write,16
"SUB DI, 6143H",Immediate_Load,6
"SHR CX, 1",Bitwise_Shift,2
"SUB DI, 1701H",Immediate_Load,6
"ROR CX, 1",Bitwise_Shift,2
"SHR AX, 1",Bitwise_Shift,2
"AND BP, CX",Register_Fast,2
"SUB [DI], AX",Memory_Write,16
"ROR SP, 1",Bitwise_Shift,2
"CMP AX, 7847H",Immediate_Load,4
PUSH AX,Stack_Operation,8
JNE LABEL_14,Control_Flow,20
"XOR BX, 7613H",Immediate_Load,6
"SHR BX, 1",Bitwise_Shift,2
"SUB CX, [BP+DI]",Memory_Read,16
POP BX,Stack_Operation,11
JE LABEL_6,Control_Flow,18
"XOR DX, [BX]",Memory_Read,19
"OR SP, 2411H",Immediate_Load,6
"XOR SP, DX",Register_Fast,2
"AND [DI], DX",Memory_Write,20
"MOV CX, [BX+SI]",Memory_Read,17
"CMP DI, [BX]",Memory_Read,17
POP AX,Stack_Operation,11
JNE LABEL_7,Control_Flow,17
JNZ LABEL_11,Control_Flow,15
"SUB [BX+SI], DX",Memory_Write,18
"ROR BX, 1",Bitwise_Shift,2
"XCHG [BX], DX",Memory_Write,18
PUSH DX,Stack_Operation,9
"CMP SP, AX",Register_Fast,3
PUSH BP,Stack_Operation,12
"SHR SI, 1",Bitwise_Shift,2
"OR SI, [BX+SI]",Memory_Read,16
"CMP [BP+DI], DX",Memory_Write,19
JZ LABEL_5,Control_Flow,20
"XCHG [BX], CX",Memory_Write,19
"SUB DI, 3361H",Immediate_Load,5
PUSH SP,Stack_Operation,10
"SHR BX, 1",Bitwise_Shift,2
"AND BX, 5559H",Immediate_Load,5
"ADD [SI], CX",Memory_Write,20
PUSH BP,Stack_Operation,12
"SHR SI, 1",Bitwise_Shift,2
JZ LABEL_6,Control_Flow,16
"SHR CX, 1",Bitwise_Shift,2
"SHR SP, 1",Bitwise_Shift,2
"AND BP, [BX]",Memory_Read,16
JNZ LABEL_10,Control_Flow,16
"AND BX, 5955H",Immediate_Load,5
"SUB CX, BX",Register_Fast,2
"MOV AX, [BX]",Memory_Read,17
"SUB CX, 9897H",Immediate_Load,6
"AND SI, 5214H",Immediate_Load,4
"XCHG [BP+DI], BX",Memory_Write,21
"XOR [BP+DI], SI",Memory_Write,14
"MOV CX, BP",Register_Fast,3
JZ LABEL_5,Control_Flow,17
"ADD [SI], DX",Memory_Write,15
"XCHG CX, 5929H",Immediate_Load,6
PUSH SI,Stack_Operation,10
JZ LABEL_8,Control_Flow,17
JMP LABEL_6,Control_Flow,17
"XOR DI, DX",Register_Fast,4
"CMP DX, SI",Register_Fast,4
POP BP,Stack_Operation,11
"CMP AX, 7705H",Immediate_Load,5
JNZ LABEL_4,Control_Flow,15
"OR [BP+DI], CX",Memory_Write,15
"SUB [BP+DI], AX",Memory_Write,21
JNZ LABEL_6,Control_Flow,15
JZ LABEL_1,Control_Flow,20
"CMP AX, [BX]",Memory_Read,13
"MOV [BX+SI], AX",Memory_Write,16
"SHL DX, 1",Bitwise_Shift,2
"ROL AX, 1",Bitwise_Shift,2
PUSH SI,Stack_Operation,8
POP SI,Stack_Operation,11
JZ LABEL_14,Control_Flow,19
"AND [DI], BX",Memory_Write,19
"SHR DX, 1",Bitwise_Shift,2
"SUB [SI], SI",Memory_Write,18
PUSH DX,Stack_Operation,11
"ADD BP, [DI]",Memory_Read,13
"ADD [BP+DI], DI",Memory_Write,17
"AND [DI], DX",Memory_Write,18
"SHR SP, 1",Bitwise_Shift,2
PUSH DX,Stack_Operation,8
PUSH DI,Stack_Operation,8
JNZ LABEL_13,Control_Flow,18
"ADD [BX+SI], SP",Memory_Write,15
POP SI,Stack_Operation,9
POP SI,Stack_Operation,8
"AND DX, CX",Register_Fast,4
"CMP DX, BX",Register_Fast,2
"MOV CX, 6941H",Immediate_Load,5
"XOR BP, DX",Register_Fast,3
PUSH SP,Stack_Operation,11
"AND [BP+DI], AX",Memory_Write,16
JNZ LABEL_11,Control_Flow,15
"SHL AX, 1",Bitwise_Shift,2
"XOR SI, 6459H",Immediate_Load,6
"OR SP, BX",Register_Fast,2
"OR [BX], CX",Memory_Write,16
PUSH SP,Stack_Operation,12
"SUB DX, 2573H",Immediate_Load,4
JE LABEL_2,Control_Flow,18
PUSH SI,Stack_Operation,12
PUSH SI,Stack_Operation,12
"MOV BP, 4416H",Immediate_Load,4
"SUB SP, DI",Register_Fast,4
JZ LABEL_2,Control_Flow,16
JE LABEL_6,Control_Flow,17
POP SP,Stack_Operation,11
"CMP SP, AX",Register_Fast,4
"ROR DI, 1",Bitwise_Shift,2
JMP LABEL_14,Control_Flow,20
"CMP DI, 2344H",Immediate_Load,6
"ROL DX, 1",Bitwise_Shift,2
"ADD BP, AX",Register_Fast,4
"ROL BX, 1",Bitwise_Shift,2
"OR BX, 7179H",Immediate_Load,5
"SHL SI, 1",Bitwise_Shift,2
"ROL BP, 1",Bitwise_Shift,2
"ADD [BX], DI",Memory_Write,19
"SUB DI, SP",Register_Fast,2
"ADD BX, 5832H",Immediate_Load,5
"CMP DI, BP",Register_Fast,3
"ADD SP, DX",Register_Fast,3
"ADD SI, 617H",Immediate_Load,5
JNE LABEL_2,Control_Flow,16
"ROR CX, 1",Bitwise_Shift,2
"AND DX, 1306H",Immediate_Load,5
"OR SP, AX",Register_Fast,3
"SUB AX, 1758H",Immediate_Load,6
"CMP [BP+DI], SI",Memory_Write,15
"SHR BX, 1",Bitwise_Shift,2
"MOV [BP+DI], SI",Memory_Write,15
"XOR [BX], CX",Memory_Write,18
"ROR BX, 1",Bitwise_Shift,2
"CMP CX, 4790H",Immediate_Load,6
JNE LABEL_7,Control_Flow,15
PUSH DI,Stack_Operation,8
"OR DI, DX",Register_Fast,4
"OR BP, 3749H",Immediate_Load,4
"SHR SI, 1",Bitwise_Shift,2
POP DX,Stack_Operation,9
"XCHG BX, [SI]",Memory_Read,13
"SUB BP, 7330H",Immediate_Load,5
"ROL BP, 1",Bitwise_Shift,2
"ROR BP, 1",Bitwise_Shift,2
JNE LABEL_10,Control_Flow,20
"OR SP, 503H",Immediate_Load,5
"XOR DI, DX",Register_Fast,2
"SUB DI, [BP+DI]",Memory_Read,18
"SHR DX, 1",Bitwise_Shift,2
"AND DI, SP",Register_Fast,2
POP CX,Stack_Operation,8
PUSH SI,Stack_Operation,11
"XOR [BP+DI], SP",Memory_Write,19
PUSH BP,Stack_Operation,9
"XOR [BP+DI], BP",Memory_Write,21
"XCHG BP, 9043H",Immediate_Load,4
"AND SP, SI",Register_Fast,4
"SUB AX, 6306H",Immediate_Load,6
"XOR CX, [SI]",Memory_Read,14
PUSH SP,Stack_Operation,11
"SUB [BP+DI], SP",Memory_Write,20
PUSH SP,Stack_Operation,11
"SUB DI, SP",Register_Fast,4
"XOR DI, BP",Register_Fast,2
JNZ LABEL_11,Control_Flow,18
"SHR AX, 1",Bitwise_Shift,2
JNE LABEL_14,Control_Flow,16
"AND DI, [BX]",Memory_Read,13
"SUB SI, DI",Register_Fast,3
"OR CX, [BX]",Memory_Read,13
"SUB BP, 9650H",Immediate_Load,6
PUSH SP,Stack_Operation,11
"ADD DX, [DI]",Memory_Read,16
"CMP DX, 584H",Immediate_Load,6
PUSH BX,Stack_Operation,10
JZ LABEL_7,Control_Flow,19
"XCHG SI, [SI]",Memory_Read,18
JE LABEL_2,Control_Flow,19
POP BX,Stack_Operation,12
"SUB AX, CX",Register_Fast,4
"AND BX, [BX+SI]",Memory_Read,15
PUSH DI,Stack_Operation,8
PUSH AX,Stack_Operation,11
PUSH DI,Stack_Operation,12
"OR [SI], BX",Memory_Write,18
"OR [DI], SP",Memory_Write,20
PUSH DI,Stack_Operation,10
"ADD AX, [DI]",Memory_Read,18
"MOV DI, 1020H",Immediate_Load,4
JMP LABEL_2,Control_Flow,20
"AND SI, SP",Register_Fast,3
"XOR CX, [DI]",Memory_Read,19
PUSH SI,Stack_Operation,10
JE LABEL_13,Control_Flow,17
JNE LABEL_13,Control_Flow,19
"MOV AX, AX",Register_Fast,4
"SHL AX, 1",Bitwise_Shift,2
"OR [SI], AX",Memory_Write,19
PUSH SP,Stack_Operation,12
"ADD [BP+DI], BP",Memory_Write,15
"XOR DX, BX",Register_Fast,3
"OR CX, CX",Register_Fast,3
"SHL SI, 1",Bitwise_Shift,2
"SHR SI, 1",Bitwise_Shift,2
"CMP DX, AX",Register_Fast,4
"ADD DX, [BX]",Memory_Read,19
"CMP SP, [DI]",Memory_Read,17
"ADD AX, 3986H",Immediate_Load,5
"ADD [DI], SP",Memory_Write,14
"XCHG BP, DI",Register_Fast,3
"OR BX, 2518H",Immediate_Load,6
"XCHG [SI], BX",Memory_Write,17
"SHL AX, 1",Bitwise_Shift,2
JNZ LABEL_12,Control_Flow,17
"ADD DX, DI",Register_Fast,2
"XCHG SI, SP",Register_Fast,3
PUSH BP,Stack_Operation,9
"MOV CX, 446H",Immediate_Load,6
JNZ LABEL_9,Control_Flow,17
"XCHG BP, 6247H",Immediate_Load,4
PUSH AX,Stack_Operation,12
POP SP,Stack_Operation,9
"XCHG SI, 8582H",Immediate_Load,5
PUSH DI,Stack_Operation,9
"ROR BP, 1",Bitwise_Shift,2
POP AX,Stack_Operation,11
"ADD SP, [BX]",Memory_Read,14
"MOV DX, 4902H",Immediate_Load,4
"ADD SI, [BX]",Memory_Read,18
POP BX,Stack_Operation,10
"SHL BP, 1",Bitwise_Shift,2
"SHL SI, 1",Bitwise_Shift,2
"MOV DI, SP",Register_Fast,2
"SHR DX, 1",Bitwise_Shift,2
"CMP CX, DX",Register_Fast,4
"CMP DX, DI",Register_Fast,4
"XCHG SP, 4003H",Immediate_Load,4
"ROR SP, 1",Bitwise_Shift,2
JZ LABEL_12,Control_Flow,15
PUSH BX,Stack_Operation,12
POP BP,Stack_Operation,9
"SHR AX, 1",Bitwise_Shift,2
"SUB DX, [BX+SI]",Memory_Read,14
"ADD CX, AX",Register_Fast,4
"CMP SI, [DI]",Memory_Read,15
"XCHG [DI], BP",Memory_Write,17
"XCHG SI, BX",Register_Fast,4
"XCHG BP, [BP+DI]",Memory_Read,14
"MOV DX, [BP+DI]",Memory_Read,18
"SHL DX, 1",Bitwise_Shift,2
"SHL DX, 1",Bitwise_Shift,2
"SUB DI, SP",Register_Fast,3
JE LABEL_14,Control_Flow,15
"SHL AX, 1",Bitwise_Shift,2
JMP LABEL_1,Control_Flow,16
"ROR DX, 1",Bitwise_Shift,2
"XCHG SI, DX",Register_Fast,4
"XOR SI, [BX+SI]",Memory_Read,13
PUSH BP,Stack_Operation,11
"XCHG CX, [BX+SI]",Memory_Read,13
POP SI,Stack_Operation,9
JZ LABEL_14,Control_Flow,17
"XOR AX, DX",Register_Fast,4
"SHR AX, 1",Bitwise_Shift,2
"CMP SI, [DI]",Memory_Read,17
"CMP DX, CX",Register_Fast,2
"CMP DX, 3505H",Immediate_Load,5
POP DX,Stack_Operation,11
"CMP BP, BP",Register_Fast,4
"XOR SP, SP",Register_Fast,4
PUSH BX,Stack_Operation,9
"ADD BP, DX",Register_Fast,4
"CMP CX, 276H",Immediate_Load,4
"ROL SI, 1",Bitwise_Shift,2
"ADD SP, DI",Register_Fast,4
"SUB DX, 831H",Immediate_Load,4
"MOV BP, AX",Register_Fast,4
"XOR DI, BP",Register_Fast,2
"ADD BX, CX",Register_Fast,3
"CMP BX, 5696H",Immediate_Load,5
"AND AX, CX",Register_Fast,4
"AND BP, CX",Register_Fast,2
POP DX,Stack_Operation,10
"ADD CX, 5300H",Immediate_Load,6
"XOR SI, [BP+DI]",Memory_Read,17
POP SP,Stack_Operation,8
"ADD SI, 259H",Immediate_Load,5
"AND SI, [BX+SI]",Memory_Read,13
"XOR [BP+DI], BX",Memory_Write,19
"OR DI, 5724H",Immediate_Load,4
"OR BX, 9895H",Immediate_Load,4
"ROR DI, 1",Bitwise_Shift,2
"OR BP, [BX]",Memory_Read,14
JNE LABEL_14,Control_Flow,17
JMP LABEL_3,Control_Flow,17
POP AX,Stack_Operation,11
"XOR DI, 16H",Immediate_Load,6
JZ LABEL_8,Control_Flow,15
"CMP SP, [DI]",Memory_Read,18
"MOV AX, BX",Register_Fast,4
"CMP [DI], AX",Memory_Write,20
"MOV CX, [SI]",Memory_Read,19
POP AX,Stack_Operation,10
"XCHG [SI], CX",Memory_Write,17
"XOR [DI], CX",Memory_Write,15
"ROL SP, 1",Bitwise_Shift,2
"XOR DX, [DI]",Memory_Read,15
PUSH BP,Stack_Operation,11
JNZ LABEL_1,Control_Flow,16
"SUB BP, [BP+DI]",Memory_Read,18
"SUB BP, BP",Register_Fast,4
JNZ LABEL_9,Control_Flow,16
"ROR SP, 1",Bitwise_Shift,2
"ADD SI, [BX]",Memory_Read,15
"XCHG SI, AX",Register_Fast,2
"ROL SI, 1",Bitwise_Shift,2
"AND [SI], CX",Memory_Write,16
"AND AX, DI",Register_Fast,3
"SHL DI, 1",Bitwise_Shift,2
"AND [SI], AX",Memory_Write,15
"XOR CX, [BX]",Memory_Read,13
"XOR CX, CX",Register_Fast,4
POP AX,Stack_Operation,11
"ROR BP, 1",Bitwise_Shift,2
JNE LABEL_12,Control_Flow,18
"SHR AX, 1",Bitwise_Shift,2
POP AX,Stack_Operation,12
JNZ LABEL_13,Control_Flow,16
PUSH BX,Stack_Operation,9
"XCHG [SI], BP",Memory_Write,21
"ROR DI, 1",Bitwise_Shift,2
"ADD BX, [BP+DI]",Memory_Read,16
"SHR DI, 1",Bitwise_Shift,2
"SUB CX, DI",Register_Fast,3
"OR AX, SP",Register_Fast,4
"AND [DI], AX",Memory_Write,20
"XCHG SP, 5083H",Immediate_Load,6
"AND CX, [SI]",Memory_Read,13
"MOV SI, 4638H",Immediate_Load,5
"CMP SI, [BX]",Memory_Read,18
PUSH BP,Stack_Operation,9
JNZ LABEL_2,Control_Flow,17
"AND [BX+SI], DX",Memory_Write,14
"AND [BX], DI",Memory_Write,20
POP CX,Stack_Operation,12
"SUB BX, 1343H",Immediate_Load,4
"AND DI, DX",Register_Fast,4
POP AX,Stack_Operation,11
JE LABEL_11,Control_Flow,18
POP SI,Stack_Operation,9
"MOV [BX+SI], BP",Memory_Write,14
"OR [BX+SI], SI",Memory_Write,15
"SHL SI, 1",Bitwise_Shift,2
"XOR [DI], BP",Memory_Write,19
JE LABEL_10,Control_Flow,20
"MOV DX, SI",Register_Fast,2
"XCHG AX, [SI]",Memory_Read,19
"XCHG CX, DI",Register_Fast,3
JNE LABEL_3,Control_Flow,20
JMP LABEL_7,Control_Flow,20
"XOR CX, [BP+DI]",Memory_Read,13
"XCHG DX, [BP+DI]",Memory_Read,17
"CMP BP, [SI]",Memory_Read,18
"SUB BP, [BP+DI]",Memory_Read,16
POP AX,Stack_Operation,12
"MOV [DI], AX",Memory_Write,21
"SHR BX, 1",Bitwise_Shift,2
"MOV BX, DI",Register_Fast,4
"SUB DX, [BX+SI]",Memory_Read,19
"OR [BX+SI], DI",Memory_Write,15
"AND [SI], BP",Memory_Write,18
"SHL BP, 1",Bitwise_Shift,2
"SHR DI, 1",Bitwise_Shift,2
POP SP,Stack_Operation,9
"SHL SP, 1",Bitwise_Shift,2
"ADD [BX+SI], DI",Memory_Write,20
"XCHG BP, 378H",Immediate_Load,6
"MOV DI, DI",Register_Fast,4
JZ LABEL_15,Control_Flow,19
"MOV BX, [SI]",Memory_Read,15
"XCHG [BX], DI",Memory_Write,14
JZ LABEL_13,Control_Flow,16
POP SI,Stack_Operation,10
"ROL DI, 1",Bitwise_Shift,2
JMP LABEL_3,Control_Flow,16
"AND DI, 9138H",Immediate_Load,4
"OR [SI], BP",Memory_Write,19
"XOR CX, 3761H",Immediate_Load,6
"MOV BP, DX",Register_Fast,3
"OR DX, SP",Register_Fast,4
PUSH AX,Stack_Operation,10
"ROR BX, 1",Bitwise_Shift,2
"XCHG CX, [BX+SI]",Memory_Read,16
"XCHG [BP+DI], BX",Memory_Write,20
PUSH AX,Stack_Operation,10
"ROR SP, 1",Bitwise_Shift,2
POP DI,Stack_Operation,12
JE LABEL_8,Control_Flow,19
"SUB AX, BP",Register_Fast,2
"SUB BX, SI",Register_Fast,3
POP DI,Stack_Operation,8
"MOV DX, 7242H",Immediate_Load,6
POP BP,Stack_Operation,10
"SHL DX, 1",Bitwise_Shift,2
"ADD SI, [SI]",Memory_Read,14
"XOR AX, BP",Register_Fast,4
"OR [DI], SI",Memory_Write,17
"SUB AX, SI",Register_Fast,2
"MOV SI, BX",Register_Fast,2
"XOR CX, CX",Register_Fast,3
"CMP BX, SI",Register_Fast,2
"OR SP, [DI]",Memory_Read,17
POP SI,Stack_Operation,11
JMP LABEL_7,Control_Flow,19
JE LABEL_10,Control_Flow,18
"OR BX, CX",Register_Fast,2
"SUB BP, AX",Register_Fast,4
"SHR BP, 1",Bitwise_Shift,2
JNE LABEL_7,Control_Flow,20
"CMP SP, CX",Register_Fast,3
"SUB DI, [SI]",Memory_Read,15
"OR DX, [DI]",Memory_Read,16
"SUB CX, BX",Register_Fast,3
"CMP DI, 8424H",Immediate_Load,5
"ROR DX, 1",Bitwise_Shift,2
"XCHG DI, SI",Register_Fast,3
"OR BP, [BX+SI]",Memory_Read,17
"ROR SP, 1",Bitwise_Shift,2
"CMP BX, DI",Register_Fast,3
"XOR SI, BX",Register_Fast,3
"OR BX, BP",Register_Fast,3
"ROL AX, 1",Bitwise_Shift,2
"OR DI, BX",Register_Fast,3
POP DX,Stack_Operation,11
"XOR DX, 4154H",Immediate_Load,4
POP CX,Stack_Operation,12
PUSH BX,Stack_Operation,8
PUSH DX,Stack_Operation,8
JNE LABEL_3,Control_Flow,17
"XOR [BX+SI], CX",Memory_Write,17
"AND CX, 3709H",Immediate_Load,6
"SUB [BX], DX",Memory_Write,18
"XOR BP, [BX+SI]",Memory_Read,14
JMP LABEL_8,Control_Flow,20
"XOR CX, 9427H",Immediate_Load,4
JNZ LABEL_15,Control_Flow,18
"MOV BP, 2582H",Immediate_Load,4
"SHL SI, 1",Bitwise_Shift,2
"SHR BP, 1",Bitwise_Shift,2
"SHL CX, 1",Bitwise_Shift,2
POP SP,Stack_Operation,10
POP AX,Stack_Operation,12
"CMP DI, [BX+SI]",Memory_Read,18
"XCHG AX, DX",Register_Fast,2
"XCHG [BX+SI], DI",Memory_Write,14
"ROL DI, 1",Bitwise_Shift,2
"OR [BP+DI], DX",Memory_Write,20
JZ LABEL_5,Control_Flow,17
PUSH DX,Stack_Operation,11
"AND BX, [BX+SI]",Memory_Read,19
"OR [BP+DI], DX",Memory_Write,14
"SUB SI, 9444H",Immediate_Load,5
PUSH SI,Stack_Operation,12
"SUB CX, [BX+SI]",Memory_Read,14
"ADD AX, 6674H",Immediate_Load,4
"SUB CX, [BX]",Memory_Read,18
JNZ LABEL_1,Control_Flow,19
"XOR CX, 9109H",Immediate_Load,6
"AND DI, 824H",Immediate_Load,6
JMP LABEL_9,Control_Flow,15
POP SI,Stack_Operation,10
"OR [SI], AX",Memory_Write,21
"AND SI, [BP+DI]",Memory_Read,13
"ADD SP, 9945H",Immediate_Load,5
POP AX,Stack_Operation,12
POP BX,Stack_Operation,10
"SHR BX, 1",Bitwise_Shift,2
"XCHG SP, SP",Register_Fast,3
"AND [DI], SI",Memory_Write,16
"XOR BP, BX",Register_Fast,3
"SUB DI, 9785H",Immediate_Load,6
"XOR SP, DX",Register_Fast,2
JMP LABEL_2,Control_Flow,19
"MOV DX, [BP+DI]",Memory_Read,18
"MOV SI, 7018H",Immediate_Load,5
"ADD DX, 4378H",Immediate_Load,6
JZ LABEL_12,Control_Flow,15
"ROL DI, 1",Bitwise_Shift,2
"ROR BP, 1",Bitwise_Shift,2
"MOV BX, [DI]",Memory_Read,19
JE LABEL_13,Control_Flow,18
"SUB [SI], BP",Memory_Write,21
"ADD [SI], DI",Memory_Write,20
"CMP BX, 6138H",Immediate_Load,6
PUSH BX,Stack_Operation,8
"ADD SP, [DI]",Memory_Read,13
"ROR SI, 1",Bitwise_Shift,2
"MOV SI, 5911H",Immediate_Load,5
JNZ LABEL_2,Control_Flow,20
"ADD [DI], CX",Memory_Write,16
"XOR BP, AX",Register_Fast,2
JNZ LABEL_6,Control_Flow,16
"AND BP, BX",Register_Fast,3
"AND AX, [BX+SI]",Memory_Read,18
JE LABEL_13,Control_Flow,18
POP DI,Stack_Operation,11
"SUB [BP+DI], AX",Memory_Write,21
"AND DI, AX",Register_Fast,4
"ADD SP, 1727H",Immediate_Load,5
"ROL BP, 1",Bitwise_Shift,2
JMP LABEL_10,Control_Flow,15
"SHL BX, 1",Bitwise_Shift,2
"SUB AX, SI",Register_Fast,4
"MOV SI, [BX]",Memory_Read,17
JNE LABEL_14,Control_Flow,15
"CMP AX, CX",Register_Fast,2
"AND DX, [DI]",Memory_Read,15
PUSH DX,Stack_Operation,9
"OR DI, [BX]",Memory_Read,18
"OR DI, AX",Register_Fast,4
"MOV SI, 3201H",Immediate_Load,6
"AND AX, 9247H",Immediate_Load,6
PUSH SI,Stack_Operation,9
PUSH SP,Stack_Operation,9
"CMP DI, [BX+SI]",Memory_Read,16
PUSH CX,Stack_Operation,9
"AND BP, CX",Register_Fast,3
"MOV BX, [BX+SI]",Memory_Read,19
JNZ LABEL_4,Control_Flow,19
"MOV DX, DX",Register_Fast,3
"ADD BX, [BX+SI]",Memory_Read,16
PUSH SI,Stack_Operation,10
"ROR SP, 1",Bitwise_Shift,2
PUSH DX,Stack_Operation,12
"XCHG DX, SI",Register_Fast,3
"SUB BX, SI",Register_Fast,4
"MOV CX, BX",Register_Fast,2
POP DX,Stack_Operation,12
JE LABEL_7,Control_Flow,18
"MOV CX, [DI]",Memory_Read,16
"MOV BX, 5817H",Immediate_Load,4
"XOR BX, 834H",Immediate_Load,4
"MOV BX, DI",Register_Fast,4
JE LABEL_6,Control_Flow,19
"SHR BX, 1",Bitwise_Shift,2
"MOV SP, [BX+SI]",Memory_Read,14
"XOR DI, [DI]",Memory_Read,19
"XOR AX, [BP+DI]",Memory_Read,14
"ADD [BX], AX",Memory_Write,17
"ADD DX, [BX]",Memory_Read,19
"SUB [DI], BP",Memory_Write,21
"AND SP, [DI]",Memory_Read,13
JNE LABEL_13,Control_Flow,19
JE LABEL_7,Control_Flow,20
"XOR [BX], BP",Memory_Write,17
JNZ LABEL_6,Control_Flow,16
"ADD DX, [BX]",Memory_Read,14
"SHR BX, 1",Bitwise_Shift,2
"ADD BX, 7256H",Immediate_Load,5
"MOV BP, [DI]",Memory_Read,18
"OR SP, [BX+SI]",Memory_Read,19
JZ LABEL_11,Control_Flow,16
"MOV CX, [BP+DI]",Memory_Read,17
"SHL BX, 1",Bitwise_Shift,2
"SHL AX, 1",Bitwise_Shift,2
"SUB SI, BP",Register_Fast,2
"ROL BX, 1",Bitwise_Shift,2
"SHR SI, 1",Bitwise_Shift,2
JE LABEL_7,Control_Flow,19
POP DI,Stack_Operation,9
"OR [BX+SI], CX",Memory_Write,18
"SHR CX, 1",Bitwise_Shift,2
JZ LABEL_2,Control_Flow,20
"XOR DX, BP",Register_Fast,3
"AND AX, DI",Register_Fast,4
"XCHG BP, [BP+DI]",Memory_Read,13
"CMP DX, [BP+DI]",Memory_Read,14
JNZ LABEL_2,Control_Flow,18
"SUB DX, 3093H",Immediate_Load,5
"MOV [BX], BX",Memory_Write,14
"XOR AX, 7681H",Immediate_Load,6
POP BX,Stack_Operation,12
"AND BP, DI",Register_Fast,3
"SUB AX, 7537H",Immediate_Load,4
PUSH DX,Stack_Operation,12
JZ LABEL_9,Control_Flow,19
"ROR BX, 1",Bitwise_Shift,2
PUSH AX,Stack_Operation,11
"AND BP, [BP+DI]",Memory_Read,18
"SHR DI, 1",Bitwise_Shift,2
"SHR BX, 1",Bitwise_Shift,2
"XOR DX, [SI]",Memory_Read,18
PUSH SP,Stack_Operation,10
"MOV DI, BP",Register_Fast,3
"SUB BX, DI",Register_Fast,4
"ROL SI, 1",Bitwise_Shift,2
POP SP,Stack_Operation,10
"OR CX, [BP+DI]",Memory_Read,13
"SHR DX, 1",Bitwise_Shift,2
"MOV [BX], DI",Memory_Write,16
JNZ LABEL_11,Control_Flow,19
"SHL BX, 1",Bitwise_Shift,2
"MOV DI, SI",Register_Fast,4
JMP LABEL_2,Control_Flow,20
"XOR DX, [BX]",Memory_Read,15
"AND [SI], BX",Memory_Write,16
"XCHG BX, 1571H",Immediate_Load,6
JMP LABEL_10,Control_Flow,20
"SHL BP, 1",Bitwise_Shift,2
JE LABEL_13,Control_Flow,17
"SUB [BP+DI], BP",Memory_Write,17
"AND [BX+SI], DX",Memory_Write,17
"ROR CX, 1",Bitwise_Shift,2
"SUB [BP+DI], BP",Memory_Write,17
"SUB DX, 2129H",Immediate_Load,6
"OR SP, [BX]",Memory_Read,17
"AND DX, CX",Register_Fast,3
"CMP [BX], SP",Memory_Write,19
"SUB BX, [DI]",Memory_Read,16
PUSH SI,Stack_Operation,12
"OR SI, [SI]",Memory_Read,14
"SHL BX, 1",Bitwise_Shift,2
"AND [BX+SI], CX",Memory_Write,18
JE LABEL_7,Control_Flow,16
"XOR AX, SI",Register_Fast,3
JZ LABEL_10,Control_Flow,17
JE LABEL_4,Control_Flow,19
"XOR BP, 8361H",Immediate_Load,6
PUSH SP,Stack_Operation,12
"XCHG SP, 4692H",Immediate_Load,4
PUSH CX,Stack_Operation,12
"OR BP, BX",Register_Fast,3
"SHR BP, 1",Bitwise_Shift,2
"ROL AX, 1",Bitwise_Shift,2
"AND CX, 1192H",Immediate_Load,4
"ROR SP, 1",Bitwise_Shift,2
"SHL DX, 1",Bitwise_Shift,2
"OR CX, 7368H",Immediate_Load,4
"MOV AX, AX",Register_Fast,3
"AND BP, [DI]",Memory_Read,19
"AND BX, 2985H",Immediate_Load,6
"ROR SP, 1",Bitwise_Shift,2
"CMP SP, [DI]",Memory_Read,15
"OR SP, 6705H",Immediate_Load,4
"ADD [DI], DX",Memory_Write,20
"XCHG DX, [BP+DI]",Memory_Read,13
"ROL CX, 1",Bitwise_Shift,2
"XCHG [BP+DI], SP",Memory_Write,21
PUSH SP,Stack_Operation,8
POP BP,Stack_Operation,11
"MOV BP, BP",Register_Fast,2
"SUB AX, 9656H",Immediate_Load,4
JZ LABEL_3,Control_Flow,18
POP SI,Stack_Operation,8
"SHR BP, 1",Bitwise_Shift,2
"MOV DX, BX",Register_Fast,4
JMP LABEL_9,Control_Flow,17
JNZ LABEL_4,Control_Flow,16
"MOV DI, 4090H",Immediate_Load,4
"OR SP, 3766H",Immediate_Load,6
"AND SP, [BP+DI]",Memory_Read,19
"ADD CX, 3055H",Immediate_Load,4
PUSH CX,Stack_Operation,9
"AND DI, [SI]",Memory_Read,17
"ADD DX, 8015H",Immediate_Load,4
JNE LABEL_14,Control_Flow,20
"ROR BX, 1",Bitwise_Shift,2
"XOR DX, [BX]",Memory_Read,13
"ADD BX, [BX]",Memory_Read,13
JMP LABEL_13,Control_Flow,20
"ROL DX, 1",Bitwise_Shift,2
"CMP BP, SP",Register_Fast,2
POP SP,Stack_Operation,10
"ROR SI, 1",Bitwise_Shift,2
"OR [BX+SI], BP",Memory_Write,14
"ROL CX, 1",Bitwise_Shift,2
"SHL BX, 1",Bitwise_Shift,2
JNE LABEL_3,Control_Flow,17
"ADD BX, [BP+DI]",Memory_Read,16
PUSH BP,Stack_Operation,10
"SHL BP, 1",Bitwise_Shift,2
"XOR BX, AX",Register_Fast,3
"AND SI, DI",Register_Fast,4
"CMP [DI], SI",Memory_Write,19
JNE LABEL_4,Control_Flow,19
"OR BP, [BX]",Memory_Read,18
JNZ LABEL_5,Control_Flow,20
"SHL DI, 1",Bitwise_Shift,2
"SUB [SI], BP",Memory_Write,19
"ADD BX, [DI]",Memory_Read,14
"XCHG CX, CX",Register_Fast,4
"ROR DX, 1",Bitwise_Shift,2
"CMP DX, [DI]",Memory_Read,14
"ROL AX, 1",Bitwise_Shift,2
JE LABEL_13,Control_Flow,15
JZ LABEL_14,Control_Flow,17
"SUB DX, 3860H",Immediate_Load,6
"SUB [DI], AX",Memory_Write,21
JZ LABEL_12,Control_Flow,19
"MOV BX, 1439H",Immediate_Load,4
"XCHG BP, BX",Register_Fast,3
"XOR DI, BP",Register_Fast,4
POP SI,Stack_Operation,12
"SUB DX, [SI]",Memory_Read,18
POP DI,Stack_Operation,10
"XCHG BP, DX",Register_Fast,2
"AND BP, SP",Register_Fast,4
"CMP [BX+SI], CX",Memory_Write,20
"XCHG AX, [DI]",Memory_Read,16
"CMP BP, 3907H",Immediate_Load,5
"XOR SP, 2939H",Immediate_Load,6
"SUB DX, 2896H",Immediate_Load,5
"XOR SP, [BP+DI]",Memory_Read,16
JMP LABEL_11,Control_Flow,18
"AND [BX], SI",Memory_Write,20
JMP LABEL_9,Control_Flow,19
"OR SP, 2675H",Immediate_Load,5
JNE LABEL_13,Control_Flow,17
"MOV CX, 2866H",Immediate_Load,5
"XOR [SI], BX",Memory_Write,20
"SHL BX, 1",Bitwise_Shift,2
JZ LABEL_2,Control_Flow,19
"SUB BP, 639H",Immediate_Load,4
"SHR BX, 1",Bitwise_Shift,2
"XOR SI, [BP+DI]",Memory_Read,16
"SHL CX, 1",Bitwise_Shift,2
"ADD BX, 8255H",Immediate_Load,5
"MOV [BX+SI], DX",Memory_Write,21
"SHL BP, 1",Bitwise_Shift,2
"CMP SP, 240H",Immediate_Load,4
"XOR BP, DI",Register_Fast,2
JNE LABEL_15,Control_Flow,20
JNE LABEL_15,Control_Flow,19
JNZ LABEL_13,Control_Flow,17
PUSH BP,Stack_Operation,10
POP BX,Stack_Operation,9
"XCHG SI, SI",Register_Fast,4
"MOV CX, [DI]",Memory_Read,15
"CMP SP, 7947H",Immediate_Load,5
"ROL AX, 1",Bitwise_Shift,2
PUSH SI,Stack_Operation,11
"CMP SP, [DI]",Memory_Read,18
"ADD AX, 7715H",Immediate_Load,5
PUSH DI,Stack_Operation,11
"OR DX, [BX+SI]",Memory_Read,13
JMP LABEL_10,Control_Flow,16
"ROL DX, 1",Bitwise_Shift,2
"ROL DX, 1",Bitwise_Shift,2
"ROR AX, 1",Bitwise_Shift,2
"XOR BP, DI",Register_Fast,4
"XCHG SP, 8471H",Immediate_Load,5
"XOR BX, [BX]",Memory_Read,17
"ROR BP, 1",Bitwise_Shift,2
JNE LABEL_5,Control_Flow,20
POP BX,Stack_Operation,9
"OR [BP+DI], DI",Memory_Write,20
"ROR DI, 1",Bitwise_Shift,2
"MOV BP, 1473H",Immediate_Load,5
"SHR DI, 1",Bitwise_Shift,2
"SHR DI, 1",Bitwise_Shift,2
"SHR AX, 1",Bitwise_Shift,2
"AND BP, 3552H",Immediate_Load,5
JNE LABEL_14,Control_Flow,16
"ROR BX, 1",Bitwise_Shift,2
"AND [SI], CX",Memory_Write,19
"OR AX, 1792H",Immediate_Load,4
PUSH CX,Stack_Operation,9
"XOR CX, [BX]",Memory_Read,19
"AND BP, 8345H",Immediate_Load,6
"XOR BP, BX",Register_Fast,3
"XCHG CX, BP",Register_Fast,2
"OR BP, [DI]",Memory_Read,14
"SUB [SI], DX",Memory_Write,18
POP BX,Stack_Operation,11
JZ LABEL_14,Control_Flow,20
"AND [BP+DI], DX",Memory_Write,14
"ADD [DI], SI",Memory_Write,14
"CMP SP, 6155H",Immediate_Load,6
"CMP BX, AX",Register_Fast,2
"AND SI, SP",Register_Fast,4
JZ LABEL_14,Control_Flow,16
"SUB CX, DX",Register_Fast,2
"AND [BX+SI], SP",Memory_Write,21
POP BX,Stack_Operation,12
JE LABEL_11,Control_Flow,19
"ROL AX, 1",Bitwise_Shift,2
"CMP DI, [BX]",Memory_Read,16
"XCHG SI, [BP+DI]",Memory_Read,18
"CMP DX, 3678H",Immediate_Load,4
"ROR DI, 1",Bitwise_Shift,2
POP BP,Stack_Operation,9
JE LABEL_12,Control_Flow,15
PUSH AX,Stack_Operation,11
"MOV CX, DI",Register_Fast,3
"XOR CX, [BP+DI]",Memory_Read,18
"ROL BX, 1",Bitwise_Shift,2
"XCHG CX, 5152H",Immediate_Load,6
"ROL AX, 1",Bitwise_Shift,2
JE LABEL_10,Control_Flow,15
JE LABEL_9,Control_Flow,16
POP SI,Stack_Operation,9
"XCHG DX, [SI]",Memory_Read,14
"SHR CX, 1",Bitwise_Shift,2
POP AX,Stack_Operation,10
"CMP [DI], DX",Memory_Write,14
"ROR DI, 1",Bitwise_Shift,2
POP DI,Stack_Operation,8
"SUB CX, 4146H",Immediate_Load,5
"ADD AX, [BX+SI]",Memory_Read,18
"ADD BP, [SI]",Memory_Read,14
"XOR SI, [SI]",Memory_Read,16
"ADD [DI], BP",Memory_Write,16
"SHL BX, 1",Bitwise_Shift,2
"ROR SP, 1",Bitwise_Shift,2
JNE LABEL_4,Control_Flow,20
"XCHG DX, BX",Register_Fast,2
"XCHG CX, [BX+SI]",Memory_Read,17
"XOR [BP+DI], SI",Memory_Write,14
"SHR BX, 1",Bitwise_Shift,2
"SUB SI, [BX+SI]",Memory_Read,17
"SHR DX, 1",Bitwise_Shift,2
"ROL CX, 1",Bitwise_Shift,2
"XCHG SI, [BP+DI]",Memory_Read,16
"SUB DX, 7197H",Immediate_Load,4
"ROR DX, 1",Bitwise_Shift,2
"XOR AX, 7064H",Immediate_Load,5
"SHL AX, 1",Bitwise_Shift,2
POP DI,Stack_Operation,11
JNZ LABEL_15,Control_Flow,18
PUSH BX,Stack_Operation,11
"ROL CX, 1",Bitwise_Shift,2
"OR [BX+SI], CX",Memory_Write,20
"ADD [BP+DI], BP",Memory_Write,21
"CMP [BX], BP",Memory_Write,18
"MOV BP, BP",Register_Fast,3
"SUB [BX], BX",Memory_Write,14
"ROR DI, 1",Bitwise_Shift,2
JNZ LABEL_3,Control_Flow,17
"AND [SI], BX",Memory_Write,15
POP DX,Stack_Operation,8
"XOR BP, [BX+SI]",Memory_Read,17
"OR [BX], AX",Memory_Write,21
"AND CX, [BX+SI]",Memory_Read,18
"AND BP, SP",Register_Fast,2
JZ LABEL_3,Control_Flow,20
JMP LABEL_6,Control_Flow,16
"SHR SI, 1",Bitwise_Shift,2
JZ LABEL_11,Control_Flow,15
PUSH DI,Stack_Operation,12
"SHR BP, 1",Bitwise_Shift,2
"MOV SP, [BP+DI]",Memory_Read,15
"XCHG BX, [BP+DI]",Memory_Read,18
"CMP BP, CX",Register_Fast,3
POP DI,Stack_Operation,11
PUSH AX,Stack_Operation,8
"XOR [DI], SI",Memory_Write,21
"XOR AX, [BP+DI]",Memory_Read,18
"SHL BP, 1",Bitwise_Shift,2
"OR BX, [BX]",Memory_Read,16
"MOV BP, 7177H",Immediate_Load,6
"XCHG BX, [BX]",Memory_Read,13
POP DX,Stack_Operation,11
"ROL CX, 1",Bitwise_Shift,2
JNZ LABEL_2,Control_Flow,15
"CMP CX, [DI]",Memory_Read,17
JNZ LABEL_1,Control_Flow,16
"MOV DX, [BP+DI]",Memory_Read,19
"ROR SI, 1",Bitwise_Shift,2
"SUB BP, DI",Register_Fast,4
"SUB BP, SP",Register_Fast,4
"CMP BX, [BP+DI]",Memory_Read,13
"XOR BP, CX",Register_Fast,2
"SUB DI, DX",Register_Fast,2
JZ LABEL_9,Control_Flow,18
"SHL DX, 1",Bitwise_Shift,2
"SUB [BX], DI",Memory_Write,17
"CMP SP, 2449H",Immediate_Load,6
"CMP BX, [BX]",Memory_Read,17
"OR DX, [BX]",Memory_Read,14
"ADD [BX+SI], BX",Memory_Write,16
"ROR AX, 1",Bitwise_Shift,2
POP BP,Stack_Operation,12
POP BX,Stack_Operation,9
PUSH CX,Stack_Operation,12
"SUB [BP+DI], AX",Memory_Write,18
"SUB AX, [BP+DI]",Memory_Read,14
"AND CX, [SI]",Memory_Read,15
PUSH CX,Stack_Operation,8
POP AX,Stack_Operation,9
JNZ LABEL_2,Control_Flow,18
"MOV [BP+DI], SI",Memory_Write,20
PUSH DI,Stack_Operation,9
PUSH BP,Stack_Operation,11
POP DX,Stack_Operation,12
"AND DI, 1667H",Immediate_Load,5
"MOV DX, CX",Register_Fast,4
JE LABEL_15,Control_Flow,15
"MOV AX, [DI]",Memory_Read,15
"XOR CX, SP",Register_Fast,2
"XCHG [DI], BX",Memory_Write,14
PUSH CX,Stack_Operation,9
"SUB AX, AX",Register_Fast,4
"CMP DI, CX",Register_Fast,3
"SHL CX, 1",Bitwise_Shift,2
"CMP BP, BX",Register_Fast,2
"CMP [BP+DI], BP",Memory_Write,18
"ADD [SI], BX",Memory_Write,17
"ADD AX, [BP+DI]",Memory_Read,15
"XCHG SP, 8344H",Immediate_Load,6
"CMP [SI], SP",Memory_Write,21
"OR DI, BP",Register_Fast,3
"AND [DI], CX",Memory_Write,16
"XOR BX, 4940H",Immediate_Load,4
"SHL DX, 1",Bitwise_Shift,2
"SHL AX, 1",Bitwise_Shift,2
"XCHG SP, [BX+SI]",Memory_Read,13
"MOV DI, 7642H",Immediate_Load,6
"ADD [SI], BP",Memory_Write,16
JNZ LABEL_1,Control_Flow,17
"XCHG BX, [BX]",Memory_Read,15
"CMP SP, 9568H",Immediate_Load,6
"ADD SI, [BX+SI]",Memory_Read,14
PUSH BX,Stack_Operation,11
"OR DI, 912H",Immediate_Load,5
"OR BX, [BX+SI]",Memory_Read,13
"SHR AX, 1",Bitwise_Shift,2
"XOR [BX], CX",Memory_Write,15
"AND AX, [DI]",Memory_Read,14
"SUB CX, [BX+SI]",Memory_Read,19
"XOR DX, [BP+DI]",Memory_Read,13
JNE LABEL_13,Control_Flow,16
"CMP DI, 6748H",Immediate_Load,5
"XCHG BX, DI",Register_Fast,3
PUSH SI,Stack_Operation,10
POP SP,Stack_Operation,8
"ROL BX, 1",Bitwise_Shift,2
"SHR DI, 1",Bitwise_Shift,2
"CMP SI, CX",Register_Fast,3
"ROL CX, 1",Bitwise_Shift,2
JNE LABEL_15,Control_Flow,17
"MOV SI, 8236H",Immediate_Load,5
"ADD BP, 8563H",Immediate_Load,5
"XOR DX, CX",Register_Fast,2
"ADD SI, 7700H",Immediate_Load,6
"XCHG BP, 6256H",Immediate_Load,6
"OR [SI], BP",Memory_Write,19
"MOV AX, [SI]",Memory_Read,16
"XCHG SP, [BX+SI]",Memory_Read,18
"OR [BP+DI], CX",Memory_Write,16
"MOV [BX+SI], AX",Memory_Write,18
"ROL DX, 1",Bitwise_Shift,2
"ADD DI, [SI]",Memory_Read,14
"MOV [BP+DI], DX",Memory_Write,14
PUSH BP,Stack_Operation,8
JZ LABEL_5,Control_Flow,16
"AND BP, BP",Register_Fast,2
"OR CX, 2329H",Immediate_Load,5
"AND SP, 7902H",Immediate_Load,4
POP BX,Stack_Operation,9
JE LABEL_12,Control_Flow,20
JNZ LABEL_5,Control_Flow,15
"OR BP, SP",Register_Fast,2
PUSH BX,Stack_Operation,10
"MOV [BP+DI], SI",Memory_Write,17
JMP LABEL_14,Control_Flow,20
"AND [BP+DI], SI",Memory_Write,18
JNZ LABEL_14,Control_Flow,15
"CMP CX, [BP+DI]",Memory_Read,18
"CMP AX, SI",Register_Fast,4
"AND [SI], SP",Memory_Write,16
"SUB CX, [SI]",Memory_Read,16
"MOV [DI], SP",Memory_Write,18
"OR [DI], BX",Memory_Write,21
JNE LABEL_5,Control_Flow,16
"OR DI, DX",Register_Fast,4
POP BP,Stack_Operation,12
"AND [BX], BX",Memory_Write,18
POP BP,Stack_Operation,8
JE LABEL_1,Control_Flow,16
"AND BX, [BP+DI]",Memory_Read,17
POP CX,Stack_Operation,8
POP SI,Stack_Operation,12
"CMP DX, [BX+SI]",Memory_Read,18
"SUB [BP+DI], BX",Memory_Write,14
"SUB AX, DI",Register_Fast,2
"AND BP, 2924H",Immediate_Load,5
JZ LABEL_4,Control_Flow,18
"MOV SI, 3726H",Immediate_Load,4
"MOV [BP+DI], SI",Memory_Write,14
PUSH AX,Stack_Operation,11
"OR [BX], SI",Memory_Write,19
JNZ LABEL_8,Control_Flow,15
"XOR [DI], CX",Memory_Write,14
"XCHG CX, BP",Register_Fast,3
"ADD BP, [BX+SI]",Memory_Read,15
"CMP AX, 3351H",Immediate_Load,6
"ROL SI, 1",Bitwise_Shift,2
"XCHG BX, DX",Register_Fast,3
"SHL SP, 1",Bitwise_Shift,2
"CMP [DI], CX",Memory_Write,21
"OR DI, [BX+SI]",Memory_Read,15
"OR AX, CX",Register_Fast,3
"ROR CX, 1",Bitwise_Shift,2
"ADD SI, CX",Register_Fast,3
"SUB BX, [BX]",Memory_Read,15
"SUB SI, [BX]",Memory_Read,16
"CMP [BX+SI], SI",Memory_Write,15
JE LABEL_9,Control_Flow,19
"CMP [SI], DX",Memory_Write,15
"CMP AX, [BX+SI]",Memory_Read,14
"SUB DX, [BP+DI]",Memory_Read,16
"MOV BP, 1030H",Immediate_Load,4
PUSH DX,Stack_Operation,8
"SUB DI, SP",Register_Fast,2
"MOV SP, [BX+SI]",Memory_Read,17
JNE LABEL_3,Control_Flow,15
JNZ LABEL_7,Control_Flow,20
"ROR CX, 1",Bitwise_Shift,2
"ROR BP, 1",Bitwise_Shift,2
JNZ LABEL_13,Control_Flow,19
JE LABEL_8,Control_Flow,15
"MOV BP, [DI]",Memory_Read,19
POP SI,Stack_Operation,9
"AND SP, [SI]",Memory_Read,15
"XOR [BX+SI], BX",Memory_Write,21
POP BX,Stack_Operation,8
JE LABEL_15,Control_Flow,18
"OR SI, 7753H",Immediate_Load,6
"MOV [BX+SI], BP",Memory_Write,15
PUSH SP,Stack_Operation,9
"AND DX, DX",Register_Fast,2
"OR AX, SI",Register_Fast,4
POP CX,Stack_Operation,11
"OR SP, 3227H",Immediate_Load,4
"MOV BP, [BP+DI]",Memory_Read,18
"MOV SP, 3040H",Immediate_Load,4
"CMP SI, 9152H",Immediate_Load,4
"XCHG BP, [BX]",Memory_Read,15
JNE LABEL_4,Control_Flow,20
JE LABEL_15,Control_Flow,19
POP AX,Stack_Operation,8
"OR CX, [BX]",Memory_Read,14
"SUB AX, [DI]",Memory_Read,18
"CMP AX, AX",Register_Fast,2
"SHL BX, 1",Bitwise_Shift,2
JNZ LABEL_7,Control_Flow,18
"MOV DX, SP",Register_Fast,3
JZ LABEL_8,Control_Flow,16
"ADD [BP+DI], BX",Memory_Write,16
"CMP [BX+SI], SI",Memory_Write,19
"SUB SP, 4152H",Immediate_Load,6
"SUB DI, BX",Register_Fast,4
"XCHG BP, DX",Register_Fast,4
PUSH DI,Stack_Operation,10
"SHL AX, 1",Bitwise_Shift,2
"MOV SI, [BP+DI]",Memory_Read,19
"OR [DI], BX",Memory_Write,15
"SUB BP, [DI]",Memory_Read,15
"AND BP, [BX]",Memory_Read,15
"AND SP, 8413H",Immediate_Load,5
"MOV [SI], DI",Memory_Write,15
"ROL CX, 1",Bitwise_Shift,2
JZ LABEL_1,Control_Flow,16
"SUB [BX], CX",Memory_Write,15
PUSH SI,Stack_Operation,8
"SUB BX, [DI]",Memory_Read,19
"SUB AX, 1250H",Immediate_Load,5
"OR DI, SP",Register_Fast,2
"ADD [DI], DI",Memory_Write,19
JE LABEL_14,Control_Flow,15
"AND SP, 2515H",Immediate_Load,6
"ROR SP, 1",Bitwise_Shift,2
JNZ LABEL_12,Control_Flow,16
POP BX,Stack_Operation,8
JMP LABEL_6,Control_Flow,18
"ADD BP, [BP+DI]",Memory_Read,17
"SUB DI, AX",Register_Fast,3
"ROR DI, 1",Bitwise_Shift,2
"MOV SI, 9992H",Immediate_Load,5
"OR BP, [BX]",Memory_Read,15
POP DX,Stack_Operation,9
"OR [BX+SI], CX",Memory_Write,19
POP AX,Stack_Operation,8
"OR CX, 1144H",Immediate_Load,4
"OR DX, [SI]",Memory_Read,13
POP AX,Stack_Operation,10
"XCHG DX, 5274H",Immediate_Load,4
"OR [SI], SP",Memory_Write,21
POP DX,Stack_Operation,11
"CMP DX, [SI]",Memory_Read,13
POP DI,Stack_Operation,11
JNE LABEL_3,Control_Flow,18
JE LABEL_9,Control_Flow,18
"ROL DX, 1",Bitwise_Shift,2
JMP LABEL_15,Control_Flow,20
"ADD SP, [BX]",Memory_Read,17
PUSH DI,Stack_Operation,9
POP SI,Stack_Operation,8
"ROL BX, 1",Bitwise_Shift,2
"XOR DX, [BX]",Memory_Read,17
"SHR DX, 1",Bitwise_Shift,2
"MOV SP, SP",Register_Fast,4
JNZ LABEL_14,Control_Flow,18
"AND DI, 6020H",Immediate_Load,6
"XOR BX, [BP+DI]",Memory_Read,16
"OR SI, [DI]",Memory_Read,15
"ROL BX, 1",Bitwise_Shift,2
JNZ LABEL_3,Control_Flow,18
"ADD AX, [BX]",Memory_Read,18
"OR BP, 7695H",Immediate_Load,6
"SUB [SI], SP",Memory_Write,14
"MOV DI, [BX]",Memory_Read,13
"SUB [DI], BP",Memory_Write,18
"OR DI, DI",Register_Fast,2
POP BX,Stack_Operation,10
"XCHG SP, 4869H",Immediate_Load,6
"ADD DX, [DI]",Memory_Read,18
"ADD [DI], DI",Memory_Write,15
"XCHG BX, 1807H",Immediate_Load,4
"SHR DX, 1",Bitwise_Shift,2
"SHL SP, 1",Bitwise_Shift,2
JNE LABEL_10,Control_Flow,19
"MOV BP, [BX]",Memory_Read,13
"SHL SP, 1",Bitwise_Shift,2
"AND [DI], SI",Memory_Write,20
"CMP SP, CX",Register_Fast,3
"OR SI, AX",Register_Fast,4
"SUB [BX], BP",Memory_Write,16
POP CX,Stack_Operation,11
"SUB BX, 2583H",Immediate_Load,5
"AND BX, 9987H",Immediate_Load,4
"AND [DI], BP",Memory_Write,15
"CMP DX, 8517H",Immediate_Load,5
JMP LABEL_15,Control_Flow,20
"SUB SI, DX",Register_Fast,4
"SHR SI, 1",Bitwise_Shift,2
JZ LABEL_1,Control_Flow,15
PUSH BX,Stack_Operation,11
"XOR SP, BP",Register_Fast,3
POP DX,Stack_Operation,12
JZ LABEL_7,Control_Flow,20
"XCHG [BX], SI",Memory_Write,14
"XOR SI, CX",Register_Fast,4
"XCHG [DI], BX",Memory_Write,18
"XOR CX, CX",Register_Fast,3
JNE LABEL_1,Control_Flow,19
"SHL DX, 1",Bitwise_Shift,2
"ADD DI, BP",Register_Fast,3
JNE LABEL_4,Control_Flow,17
"CMP DX, [BP+DI]",Memory_Read,17
"XCHG [SI], BX",Memory_Write,17
"XCHG BX, SI",Register_Fast,4
"XCHG BP, BP",Register_Fast,3
"XOR SP, DI",Register_Fast,4
"SHR BX, 1",Bitwise_Shift,2
"SHL BP, 1",Bitwise_Shift,2
"AND DI, SP",Register_Fast,4
"CMP BP, [BP+DI]",Memory_Read,15
"SUB AX, BP",Register_Fast,2
"SUB CX, BX",Register_Fast,4
"AND SP, 3501H",Immediate_Load,4
"XOR CX, AX",Register_Fast,3
"AND AX, DX",Register_Fast,4
"SUB CX, SP",Register_Fast,4
POP BX,Stack_Operation,10
"OR BP, [BX]",Memory_Read,19
POP SI,Stack_Operation,11
"SHL BP, 1",Bitwise_Shift,2
JMP LABEL_13,Control_Flow,15
"XCHG CX, 1194H",Immediate_Load,6
"SHL BP, 1",Bitwise_Shift,2
"ROL BP, 1",Bitwise_Shift,2
"AND [BP+DI], SI",Memory_Write,14
"SUB [BX], DI",Memory_Write,16
"XOR [DI], BX",Memory_Write,21
"SHR SP, 1",Bitwise_Shift,2
JMP LABEL_5,Control_Flow,16
"XOR [BX+SI], DX",Memory_Write,15
JZ LABEL_2,Control_Flow,17
"AND BP, SI",Register_Fast,2
"MOV BP, DI",Register_Fast,2
"SUB DI, 5993H",Immediate_Load,6
"MOV SP, BX",Register_Fast,2
JMP LABEL_4,Control_Flow,18
JNE LABEL_11,Control_Flow,19
"XCHG BX, DI",Register_Fast,2
"XOR BX, 1587H",Immediate_Load,4
JNE LABEL_8,Control_Flow,17
"SHL AX, 1",Bitwise_Shift,2
"MOV [BX], DI",Memory_Write,21
"XOR BP, 9252H",Immediate_Load,6
"XCHG DX, BX",Register_Fast,2
